<?xml version="1.0" encoding="UTF-8"?>
<!DOCTYPE hibernate-configuration PUBLIC 
    "-//Hibernate/Hibernate Configuration DTD 3.0//EN"
    "http://hibernate.sourceforge.net/hibernate-configuration-3.0.dtd">

<hibernate-configuration>
    <session-factory>
        <!-- Conexão com PostgreSQL -->
        <property name="hibernate.dialect">org.hibernate.dialect.PostgreSQLDialect</property>
        <property name="hibernate.connection.driver_class">org.postgresql.Driver</property>
        <property name="hibernate.connection.url">jdbc:postgresql://localhost:5432/bancoAcademia</property>
        <property name="hibernate.connection.username">postgres</property>
        <property name="hibernate.connection.password">postgres</property>

        <!-- Opções úteis para debug -->
        <property name="hibernate.show_sql">true</property>
        <property name="hibernate.format_sql">true</property>

        <!-- Cria as tabelas a cada execução -->
        <property name="hibernate.hbm2ddl.auto">update</property>

        <!-- Mapas das entidades -->
        <mapping class="DOMAIN.Aluno"/>
        <mapping class="DOMAIN.Endereco"/> 
        <mapping class="DOMAIN.Personal"/>
        <mapping class="DOMAIN.FichaAluno"/>
        <mapping class="DOMAIN.Exercicios"/> 
        <mapping class="DOMAIN.Pagamento"/> 
        <mapping class="DOMAIN.Usuario"/> 
        
    </session-factory>
</hibernate-configuration>
